192.368;1905
192.928;1271
193.488;1348
194.048;1334
194.608;1505
195.168;1535
195.727;1491
196.287;1535
196.846;1509
197.405;1489
197.964;1511
198.523;1490
199.082;1514
199.641;1531
200.2;1532
200.758;1527
201.316;1535
201.875;1529
202.433;1553
202.991;1528
203.549;1546
204.106;1520
204.664;1554
205.221;1524
205.779;1600
206.336;1540
206.893;1524
207.45;1515
208.007;1546
208.563;1539
209.12;1546
209.676;1548
210.233;1549
210.789;1541
211.345;1576
211.901;1525
212.457;1545
213.012;1520
213.568;1503
214.123;1516
214.679;1525
215.234;1576
215.789;1530
216.344;1536
216.899;1559
217.453;1554
218.008;1513
218.562;1534
219.117;1522
219.671;1522
220.225;1530
220.779;1519
221.332;1553
221.886;1500
222.44;1537
222.993;1528
223.546;1549
224.1;1531
224.653;1564
225.205;1559
225.758;1527
226.311;1537
226.863;1560
227.416;1605
227.968;1534
228.52;1530
229.072;1519
229.624;1547
230.176;1516
230.728;1533
231.279;1531
231.83;1520
232.382;1602
232.933;1543
233.484;1579
234.035;1560
234.586;1526
235.136;1534
235.687;1555
236.237;1535
236.787;1516
237.337;1508
237.887;1565
238.437;1500
238.987;1539
239.537;1530
240.086;1526
240.636;1525
241.185;1548
241.734;1533
242.283;1541
242.832;1560
243.381;1539
243.929;1602
244.478;1534
245.026;1522
245.574;1549
246.123;1513
246.671;1550
247.218;1522
247.766;1526
248.314;1558
248.861;1565
249.409;1532
249.956;1507
250.503;1545
251.05;1504
251.597;1520
252.144;1503
252.69;1564
253.237;1545
253.783;1543
254.33;1534
254.876;1507
255.422;1530
255.968;1524
256.513;1491
257.059;1522
257.604;1543
258.15;1528
258.695;1498
259.24;1545
259.785;1575
260.33;1535
260.875;1518
261.42;1549
261.964;1536
262.508;1518
263.053;1536
263.597;1536
264.141;1529
264.685;1574
265.229;1556
265.772;1560
266.316;1543
266.859;1535
267.402;1494
267.945;1565
268.488;1547
269.031;1536
269.574;1535
270.117;1534
270.659;1509
271.202;1538
271.744;1524
272.286;1533
272.828;1524
273.37;1566
273.912;1541
274.454;1541
274.995;1526
275.536;1552
276.078;1504
276.619;1537
277.16;1571
277.701;1543
278.242;1517
278.782;1555
279.323;1526
279.863;1509
280.404;1546
280.944;1543
281.484;1540
282.024;1516
282.564;1549
283.103;1512
283.643;1524
284.182;1517
284.722;1567
285.261;1514
285.8;1553
286.339;1557
286.878;1545
287.416;1538
287.955;1510
288.493;1507
289.032;1523
289.57;1535
290.108;1632
290.646;1531
291.184;1552
291.721;1524
292.259;1513
292.796;1550
293.334;1547
293.871;1537
294.408;1565
294.945;1540
295.482;1533
296.019;1536
296.555;1544
297.092;1544
297.628;1534
298.164;1535
298.7;1562
299.236;1535
299.772;1577
300.308;1561
300.844;1551
301.379;1588
301.914;1539
302.45;1603
302.985;1533
303.52;1555
304.055;1543
304.589;1582
305.124;1599
305.659;1570
306.193;1587
306.727;1616
307.261;1599
307.795;1573
308.329;1613
308.863;1630
309.397;1619
309.93;1657
310.464;1768
310.997;1665
311.53;1675
312.063;1733
312.596;1676
313.129;1726
313.662;1749
314.194;1719
314.727;1760
315.259;1741
315.791;1743
316.323;1776
316.855;1805
317.387;1777
317.919;1806
318.45;1808
318.982;1813
319.513;1803
320.044;1855
320.575;1861
321.106;1830
321.637;1834
322.168;1817
322.699;1799
323.229;1842
323.76;1847
324.29;1894
324.82;1908
325.35;1926
325.88;1993
326.41;1923
326.939;1926
327.469;1946
327.998;1928
328.527;1950
329.057;1957
329.586;1966
330.114;1944
330.643;1967
331.172;1933
331.7;1915
332.229;1943
332.757;1904
333.285;1933
333.813;1927
334.341;2006
334.869;1921
335.397;1888
335.925;1871
336.452;1888
336.979;1911
337.507;1954
338.034;1988
338.561;1992
339.087;1914
339.614;1981
340.141;1936
340.667;1964
341.194;1963
341.72;2067
342.246;1947
342.772;1961
343.298;1947
343.824;1940
344.349;2037
344.875;1995
345.4;2059
345.926;1995
346.451;2003
346.976;1985
347.501;2041
348.026;2016
348.55;2018
349.075;2043
349.599;2116
350.124;2090
350.648;2085
351.172;2078
351.696;2054
352.22;2142
352.743;2108
353.267;2154
353.79;2172
354.314;2176
354.837;2204
355.36;2148
355.883;2068
356.406;2049
356.929;2043
357.451;2052
357.974;2087
358.496;2134
359.019;2218
359.541;2173
360.063;2174
360.585;2135
361.107;2138
361.628;2225
362.15;2225
362.671;2235
363.193;2289
363.714;2232
364.235;2306
364.756;2364
365.277;2368
365.797;2475
366.318;2369
366.839;2402
367.359;2362
367.879;2401
368.399;2399
368.919;2490
369.439;2461
369.959;2423
370.479;2408
370.998;2443
371.518;2400
372.037;2390
372.556;2305
373.075;2306
373.594;2297
374.113;2289
374.631;2383
375.15;2384
375.669;2414
376.187;2453
376.705;2499
377.223;2481
377.741;2559
378.259;2463
378.777;2425
379.294;2419
379.812;2424
380.329;2512
380.847;2564
381.364;2550
381.881;2506
382.398;2426
382.914;2423
383.431;2504
383.948;2647
384.464;2712
384.98;2843
385.497;2880
386.013;2992
386.529;2916
387.045;2885
387.56;2892
388.076;2910
388.591;3064
389.107;3199
389.622;3277
390.137;3344
390.652;3438
391.167;3366
391.682;3153
392.196;2845
392.711;2645
393.225;2824
393.74;3158
394.254;3539
394.768;3636
395.282;3499
395.796;3146
396.31;3014
396.823;3368
397.337;3925
397.85;4257
398.363;4499
398.876;4652
399.389;4702
399.902;4911
400.415;4998
400.928;5184
401.44;5238
401.953;5348
402.465;5298
402.977;5314
403.489;5601
404.001;5534
404.513;5711
405.025;5674
405.536;5808
406.048;5967
406.559;6112
407.07;6302
407.581;6657
408.092;6975
408.603;7053
409.114;6864
409.625;6896
410.135;7319
410.646;7852
411.156;8238
411.666;8394
412.176;8408
412.686;8589
413.196;8923
413.706;9024
414.215;9278
414.725;9227
415.234;9510
415.743;9742
416.253;10018
416.762;9834
417.27;9957
417.779;10170
418.288;10198
418.796;10361
419.305;10402
419.813;10546
420.321;11018
420.829;11109
421.337;11046
421.845;10697
422.353;10589
422.861;10969
423.368;11018
423.875;11211
424.383;11196
424.89;11232
425.397;11185
425.904;11164
426.411;11131
426.917;11059
427.424;11245
427.93;11156
428.437;10919
428.943;10428
429.449;9836
429.955;9803
430.461;10181
430.966;11322
431.472;12021
431.978;11872
432.483;12277
432.988;12154
433.493;11823
433.999;12012
434.503;12507
435.008;12838
435.513;13128
436.018;13240
436.522;13252
437.026;12911
437.531;12625
438.035;12465
438.539;12809
439.043;13285
439.546;13228
440.05;13251
440.554;13711
441.057;14010
441.56;14197
442.063;14207
442.567;14230
443.069;14288
443.572;14344
444.075;14712
444.578;14445
445.08;14191
445.583;14042
446.085;14580
446.587;15021
447.089;15236
447.591;15076
448.093;15170
448.594;15250
449.096;15664
449.597;15930
450.099;16033
450.6;16087
451.101;15904
451.602;15697
452.103;15184
452.604;15120
453.104;15386
453.605;15647
454.105;15735
454.606;15501
455.106;16013
455.606;16186
456.106;16113
456.606;16207
457.105;16117
457.605;15892
458.104;15969
458.604;16032
459.103;15991
459.602;16120
460.101;16288
460.6;16498
461.099;16533
461.598;16722
462.096;16711
462.595;16791
463.093;16517
463.591;16513
464.089;16368
464.587;16440
465.085;16636
465.583;16644
466.081;16285
466.578;16196
467.076;16524
467.573;16447
468.07;16626
468.567;16665
469.064;16586
469.561;16311
470.058;16216
470.555;16543
471.051;16822
471.547;17051
472.044;17102
472.54;16624
473.036;16770
473.532;17049
474.028;17052
474.523;16936
475.019;16877
475.515;16757
476.01;16632
476.505;16794
477;16932
477.495;17223
477.99;17154
478.485;17115
478.98;17269
479.474;17414
479.969;17329
480.463;17377
480.957;17552
481.451;17681
481.945;17516
482.439;17256
482.933;17376
483.427;17288
483.92;16983
484.414;16834
484.907;16278
485.4;15262
485.893;14828
486.386;15698
486.879;16264
487.372;16683
487.865;16814
488.357;16805
488.85;17010
489.342;17373
489.834;17668
490.326;17412
490.818;17109
491.31;16837
491.802;16689
492.293;17083
492.785;17437
493.276;17401
493.767;17630
494.259;17716
494.75;17913
495.241;17594
495.731;17734
496.222;17753
496.713;17889
497.203;17720
497.694;17148
498.184;17181
498.674;17594
499.164;17449
499.654;17254
500.144;16852
500.633;16983
501.123;17002
501.612;16867
502.102;17124
502.591;17355
503.08;17002
503.569;16847
504.058;17137
504.547;17463
505.036;17735
505.524;17930
506.013;17775
506.501;17714
506.989;17590
507.477;17464
507.965;17552
508.453;17826
508.941;18067
509.429;17842
509.916;17810
510.404;18054
510.891;18131
511.378;18202
511.865;17932
512.352;17746
512.839;17851
513.326;17703
513.813;17474
514.299;17601
514.786;17687
515.272;17868
515.758;17176
516.244;16074
516.73;15769
517.216;16555
517.702;16787
518.187;16665
518.673;17174
519.158;17652
519.644;17935
520.129;18012
520.614;18001
521.099;18178
521.584;18087
522.069;17881
522.553;17887
523.038;18228
523.522;18618
524.006;18803
524.491;18681
524.975;18521
525.459;18284
525.943;17654
526.426;17123
526.91;17582
527.393;18325
527.877;18765
528.36;18860
528.843;19271
529.326;18926
529.809;19023
530.292;19470
530.775;19409
531.258;19314
531.74;18881
532.223;18358
532.705;18631
533.187;19074
533.669;19101
534.151;19240
534.633;19397
535.115;19757
535.596;19618
536.078;19314
536.559;19048
537.04;19284
537.522;19555
538.003;19470
538.484;19191
538.965;18966
539.445;18776
539.926;18657
540.406;18698
540.887;18838
541.367;19159
541.847;19213
542.327;19090
542.807;19223
543.287;19303
543.767;19570
544.247;19397
544.726;19527
545.206;19553
545.685;19606
546.164;19649
546.643;19614
547.122;19502
547.601;19210
548.08;19719
548.558;19826
549.037;19739
549.515;19723
549.994;19861
550.472;19803
550.95;19904
551.428;20020
551.906;20074
552.384;19926
552.861;20059
553.339;20021
553.816;20166
554.293;20494
554.771;20099
555.248;20253
555.725;20035
556.202;19752
556.678;19535
557.155;19913
557.632;19515
558.108;19404
558.584;19219
559.061;19227
559.537;19506
560.013;19610
560.489;19736
560.964;19694
561.44;19612
561.916;19618
562.391;19852
562.866;19972
563.342;19910
563.817;19721
564.292;19750
564.767;19766
565.241;19554
565.716;19421
566.191;19792
566.665;20085
567.139;19968
567.614;19754
568.088;19566
568.562;19401
569.036;19410
569.51;19505
569.983;19367
570.457;19125
570.93;19241
571.404;19761
571.877;19938
572.35;20040
572.823;20073
573.296;20004
573.769;19750
574.242;19941
574.714;19654
575.187;19623
575.659;19775
576.131;19866
576.604;20016
577.076;20007
577.548;19809
578.019;19611
578.491;19886
578.963;20231
579.434;20634
579.906;20671
580.377;20614
580.848;20924
581.319;21012
581.79;21300
582.261;21298
582.732;21458
583.202;21566
583.673;21488
584.143;21528
584.614;21455
585.084;21389
585.554;21171
586.024;21225
586.494;21171
586.964;21034
587.433;20571
587.903;19820
588.372;18775
588.842;18058
589.311;18374
589.78;19225
590.249;19692
590.718;20292
591.187;20031
591.655;20031
592.124;20273
592.593;20549
593.061;20661
593.529;20406
593.997;19987
594.465;20127
594.933;20412
595.401;20767
595.869;20987
596.336;21115
596.804;21046
597.271;20909
597.739;20926
598.206;21293
598.673;21324
599.14;21582
599.607;21459
600.073;21496
600.54;21310
601.007;21345
601.473;21357
601.939;21362
602.406;21749
602.872;21975
603.338;22082
603.804;21795
604.269;22215
604.735;22153
605.201;22114
605.666;22001
606.131;21857
606.597;22052
607.062;22006
607.527;22003
607.992;21905
608.457;21888
608.921;21711
609.386;21493
609.85;21331
610.315;21657
610.779;21714
611.243;21898
611.707;21541
612.171;21460
612.635;21574
613.099;21435
613.563;21258
614.026;21408
614.489;21538
614.953;21468
615.416;21172
615.879;20882
616.342;20908
616.805;21151
617.268;21320
617.73;21347
618.193;21424
618.655;21263
619.118;21412
619.58;21501
620.042;21477
620.504;21562
620.966;21247
621.428;21092
621.89;21139
622.351;20924
622.813;20829
623.274;20769
623.736;20658
624.197;20486
624.658;20288
625.119;20481
625.58;20373
626.04;20375
626.501;20300
626.962;19969
627.422;19510
627.882;19384
628.343;19837
628.803;20008
629.263;19782
629.723;20000
630.182;20091
630.642;20225
631.102;20137
631.561;20056
632.021;20379
632.48;20663
632.939;20709
633.398;20734
633.857;20773
634.316;20876
634.775;21157
635.233;21060
635.692;21192
636.15;21174
636.608;21499
637.067;21639
637.525;21813
637.983;21832
638.441;21877
638.899;21612
639.356;21375
639.814;21772
640.271;21513
640.729;21545
641.186;21727
641.643;21751
642.1;21757
642.557;22075
643.014;21915
643.471;22013
643.927;21861
644.384;21896
644.84;21591
645.297;21512
645.753;21246
646.209;20853
646.665;20522
647.121;20328
647.576;20394
648.032;20424
648.488;20487
648.943;20519
649.399;20540
649.854;21167
650.309;21548
650.764;21315
651.219;20695
651.674;20809
652.129;21110
652.583;21607
653.038;21545
653.492;21359
653.947;21176
654.401;20614
654.855;20275
655.309;19206
655.763;18268
656.217;18283
656.67;19428
657.124;20573
657.577;21140
658.031;21321
658.484;21266
658.937;21520
659.39;21509
659.843;21815
660.296;21936
660.749;21934
661.201;22050
661.654;22004
662.106;22019
662.559;22031
663.011;21819
663.463;21840
663.915;21993
664.367;21956
664.819;21976
665.27;21906
665.722;21859
666.174;21731
666.625;21764
667.076;21763
667.527;21702
667.979;21919
668.43;21979
668.88;21678
669.331;21667
669.782;21522
670.232;21529
670.683;21299
671.133;21483
671.583;21424
672.034;21521
672.484;21637
672.934;21534
673.383;21574
673.833;21401
674.283;21332
674.732;21454
675.182;21283
675.631;21468
676.08;21317
676.529;21242
676.978;21252
677.427;21422
677.876;21270
678.325;21234
678.773;21044
679.222;21031
679.67;21076
680.119;21210
680.567;21145
681.015;21243
681.463;21186
681.911;20960
682.358;21116
682.806;20889
683.254;20720
683.701;20571
684.148;20440
684.596;20533
685.043;20590
685.49;19885
685.937;18647
686.384;16248
686.83;14122
687.277;14542
687.724;16382
688.17;16930
688.616;16821
689.062;16752
689.509;16941
689.955;17303
690.401;17676
690.846;17919
691.292;18003
691.738;18077
692.183;17902
692.629;17600
693.074;17363
693.519;17179
693.964;17014
694.409;17220
694.854;17595
695.299;17874
695.743;18108
696.188;18893
696.633;19276
697.077;19373
697.521;19050
697.965;18548
698.409;18239
698.853;17954
699.297;17742
699.741;17676
700.185;17772
700.628;17787
701.072;17792
701.515;17919
701.958;17944
702.401;18015
702.844;18533
703.287;18825
703.73;18654
704.173;18866
704.616;18798
705.058;18589
705.501;18650
705.943;18818
706.385;18939
706.827;19016
707.269;19082
707.711;19215
708.153;19234
708.595;19224
709.036;19178
709.478;19125
709.919;19182
710.361;19294
710.802;19448
711.243;19410
711.684;19525
712.125;19304
712.566;19173
713.006;19158
713.447;19356
713.887;19091
714.328;18574
714.768;18512
715.208;18331
715.648;17766
716.088;16397
716.528;14640
716.968;13541
717.408;13129
717.847;13063
718.287;12574
718.726;12401
719.166;12376
719.605;12494
720.044;13078
720.483;14382
720.922;15957
721.36;16898
721.799;16953
722.238;16559
722.676;15671
723.115;14216
723.553;13797
723.991;14092
724.429;13964
724.867;14053
725.305;14049
725.743;14275
726.18;14356
726.618;14612
727.055;14255
727.493;13952
727.93;14623
728.367;14955
728.804;14218
729.241;14357
729.678;14881
730.115;14621
730.551;14715
730.988;14880
731.425;15408
731.861;16217
732.297;17088
732.733;17372
733.169;17532
733.605;18333
734.041;18241
734.477;17996
734.913;17774
735.348;17768
735.784;17671
736.219;17746
736.654;17963
737.089;18287
737.524;18695
737.959;18548
738.394;18313
738.829;18222
739.264;18579
739.698;18908
740.133;19118
740.567;19084
741.001;18978
741.435;19103
741.87;19138
742.303;19299
742.737;19607
743.171;19868
743.605;19684
744.038;19539
744.472;19556
744.905;19586
745.338;19674
745.772;19891
746.205;19544
746.638;19668
747.07;19789
747.503;19564
747.936;19713
748.368;19847
748.801;19563
749.233;19440
749.665;19467
750.098;19550
750.53;19423
750.962;19352
751.394;19432
751.825;19222
752.257;19340
752.689;19249
753.12;19502
753.551;19445
753.983;19359
754.414;19402
754.845;19136
755.276;18993
755.707;18834
756.138;18841
756.568;18853
756.999;18646
757.429;18766
757.86;18299
758.29;17488
758.72;15611
759.15;11181
759.58;6716
760.01;4557
760.44;4408
760.87;5712
761.299;8029
761.729;9322
762.158;8222
762.587;7113
763.016;7148
763.446;7890
763.875;8410
764.303;9507
764.732;10377
765.161;11448
765.59;12306
766.018;13317
766.446;14330
766.875;15174
767.303;15774
767.731;16177
768.159;16590
768.587;16799
769.015;16768
769.443;17010
769.87;17381
770.298;17392
770.725;17452
771.152;17152
771.58;17329
772.007;17362
772.434;17332
772.861;17373
773.288;17527
773.714;17209
774.141;17172
774.568;16939
774.994;17259
775.42;17307
775.847;17339
776.273;17199
776.699;17119
777.125;16774
777.551;16824
777.976;16689
778.402;16777
778.828;16872
779.253;16718
779.678;16705
780.104;16562
780.529;16632
780.954;16368
781.379;16709
781.804;16623
782.229;16559
782.653;16339
783.078;16231
783.502;16204
783.927;16302
784.351;16173
784.775;16085
785.199;15847
785.623;15876
786.047;15808
786.471;15482
786.895;15413
787.318;15195
787.742;15172
788.165;15009
788.589;14970
789.012;14433
789.435;14358
789.858;14290
790.281;14621
790.704;14380
791.126;14513
791.549;14317
791.972;14407
792.394;14274
792.816;14392
793.239;14557
793.661;14623
794.083;14350
794.505;14340
794.927;14232
795.348;13977
795.77;13387
796.192;13462
796.613;13859
797.035;13986
797.456;14211
797.877;14045
798.298;13954
798.719;14010
799.14;13727
799.561;13453
799.982;13322
800.402;13363
800.823;13313
801.243;13167
801.663;13133
802.084;12991
802.504;12927
802.924;13094
803.344;13163
803.764;13141
804.183;13135
804.603;13318
805.023;13374
805.442;13567
805.861;13409
806.281;13328
806.7;13123
807.119;13084
807.538;13100
807.957;12741
808.375;12810
808.794;12709
809.213;12447
809.631;12377
810.05;12307
810.468;12071
810.886;11811
811.304;11619
811.722;11365
812.14;11024
812.558;10830
812.976;10210
813.393;9754
813.811;9816
814.228;9333
814.646;8985
815.063;8906
815.48;8937
815.897;8500
816.314;8316
816.731;8721
817.148;8911
817.564;8503
817.981;8621
818.398;8961
818.814;8972
819.23;9008
819.646;9071
820.063;10165
820.479;10593
820.894;10341
821.31;9986
821.726;9548
822.142;8227
822.557;7034
822.973;7483
823.388;8746
823.803;9468
824.218;9906
824.633;10437
825.048;10080
825.463;9642
825.878;9838
826.293;10286
826.707;10004
827.122;9197
827.536;8847
827.95;9192
828.365;9325
828.779;9211
829.193;9219
829.607;9496
830.02;9319
830.434;9562
830.848;9554
831.261;9510
831.675;9205
832.088;9624
832.501;9666
832.915;9398
833.328;9408
833.741;9695
834.154;10090
834.566;10242
834.979;9963
835.392;9984
835.804;10047
836.217;10279
836.629;10349
837.041;10292
837.453;10205
837.865;10437
838.277;10385
838.689;10388
839.101;10550
839.512;10687
839.924;10621
840.335;10475
840.747;10378
841.158;10361
841.569;10314
841.98;10492
842.391;10534
842.802;10486
843.213;10173
843.624;10246
844.034;10424
844.445;10444
844.855;10610
845.266;10715
845.676;10696
846.086;10506
846.496;10570
846.906;10576
847.316;10506
847.726;10380
848.135;10382
848.545;10213
848.955;10159
849.364;9628
849.773;9540
850.182;9780
850.592;10122
851.001;10014
851.41;10090
851.818;10186
852.227;10033
852.636;10062
853.044;9709
853.453;9064
853.861;8399
854.269;8538
854.678;9371
855.086;9752
855.494;9828
855.902;9899
856.309;10098
856.717;9990
857.125;10067
857.532;9901
857.94;10016
858.347;10045
858.754;10024
859.162;9913
859.569;9803
859.976;9859
860.383;9829
860.789;9843
861.196;9724
861.603;9732
862.009;9601
862.416;9772
862.822;9786
863.228;9731
863.634;9764
864.04;9723
864.446;9632
864.852;9394
865.258;9115
865.664;8635
866.069;8223
866.475;8594
866.88;9026
867.285;9084
867.691;9291
868.096;9279
868.501;9148
868.906;9185
869.311;9251
869.715;9252
870.12;9398
870.525;9330
870.929;9286
871.333;9188
871.738;9156
872.142;9196
872.546;9231
872.95;9155
873.354;9043
873.758;8970
874.162;8989
874.565;8940
874.969;8937
875.372;8929
875.776;8882
876.179;8864
876.582;8879
876.985;8912
877.388;8898
877.791;8841
878.194;8998
878.597;8824
878.999;8670
879.402;8757
879.804;8708
880.207;8567
880.609;8500
881.011;8658
881.413;8753
881.815;8607
882.217;8526
882.619;8616
883.021;8506
883.422;8590
883.824;8624
884.225;8517
884.627;8617
885.028;8559
885.429;8467
885.83;8203
886.231;8151
886.632;8232
887.033;8312
887.434;8376
887.834;8325
888.235;8242
888.635;8335
889.036;8331
889.436;8111
889.836;8072
890.236;8108
890.636;7997
891.036;7969
891.436;7931
891.836;7791
892.235;7582
892.635;7377
893.034;7233
893.434;7316
893.833;7191
894.232;6801
894.631;6570
895.03;6337
895.429;6204
895.828;6055
896.227;5698
896.625;5561
897.024;5595
897.422;5691
897.821;5682
898.219;5204
898.617;4732
899.015;4948
899.413;5459
899.811;5219
900.209;5131
900.607;4963
901.004;5115
901.402;5221
901.799;5149
902.197;5171
902.594;5475
902.991;5957
903.388;6250
903.785;6306
904.182;6217
904.579;6175
904.976;6070
905.372;5990
905.769;5587
906.165;5279
906.562;5009
906.958;4853
907.354;4898
907.75;4855
908.146;4860
908.542;4835
908.938;4745
909.334;4754
909.73;4745
910.125;4825
910.521;4904
910.916;5049
911.311;4975
911.706;4933
912.102;4855
912.497;4599
912.892;4258
913.286;4250
913.681;4573
914.076;4790
914.47;4668
914.865;4359
915.259;4252
915.654;4480
916.048;4754
916.442;4645
916.836;4322
917.23;4224
917.624;4397
918.018;4721
918.411;4920
918.805;5062
919.198;5108
919.592;5203
919.985;5406
920.378;5343
920.772;5050
921.165;5006
921.558;5058
921.951;5199
922.343;5138
922.736;4933
923.129;4716
923.521;4673
923.914;4606
924.306;4608
924.698;4666
925.09;4716
925.482;4606
925.874;4632
926.266;4632
926.658;4607
927.05;4312
927.442;4043
927.833;3694
928.225;3504
928.616;3429
929.007;3336
929.398;3185
929.79;3051
930.181;2987
930.572;2851
930.962;2686
931.353;2439
931.744;2310
932.134;2292
932.525;2257
932.915;2174
933.306;2079
933.696;1981
934.086;2064
934.476;2150
934.866;2190
935.256;2128
935.646;2111
936.035;2150
936.425;2042
936.814;2022
937.204;2064
937.593;2088
937.983;2255
938.372;2481
938.761;2759
939.15;2827
939.539;2761
939.927;2628
940.316;2554
940.705;2462
941.093;2519
941.482;2480
941.87;2485
942.259;2385
942.647;2368
943.035;2371
943.423;2343
943.811;2260
944.199;2249
944.586;2393
944.974;2373
945.362;2266
945.749;2252
946.137;2305
946.524;2393
946.911;2377
947.298;2376
947.685;2351
948.072;2422
948.459;2467
948.846;2507
949.233;2360
949.619;2263
950.006;2425
950.392;2559
950.779;2602
951.165;2491
951.551;2340
951.937;2272
952.323;2340
952.709;2415
953.095;2536
953.481;2538
953.867;2521
954.252;2466
954.638;2414
955.023;2462
955.408;2439
955.794;2523
956.179;2502
956.564;2617
956.949;2672
957.334;2768
957.719;2732
958.103;2630
958.488;2465
958.872;2435
959.257;2486
959.641;2590
960.026;2636
960.41;2717
960.794;2748
961.178;2784
961.562;2778
961.946;2731
962.329;2777
962.713;2899
963.097;2924
963.48;2918
963.864;2839
964.247;2875
964.63;2917
965.013;2917
965.396;2938
965.779;2829
966.162;2865
966.545;3063
966.928;3250
967.311;3407
967.693;3483
968.076;3391
968.458;3451
968.84;3493
969.223;3531
969.605;3527
969.987;3543
970.369;3566
970.75;3582
971.132;3559
971.514;3522
971.896;3476
972.277;3445
972.659;3332
973.04;3233
973.421;3188
973.802;3206
974.183;3208
974.564;3243
974.945;3196
975.326;3180
975.707;3158
976.088;3204
976.468;3323
976.849;3446
977.229;3342
977.61;3253
977.99;3305
978.37;3334
978.75;3249
979.13;3296
979.51;3248
979.89;3355
980.269;3466
980.649;3478
981.029;3526
981.408;3508
981.787;3434
982.167;3426
982.546;3476
982.925;3531
983.304;3588
983.683;3560
984.062;3572
984.441;3545
984.82;3568
985.198;3615
985.577;3654
985.955;3722
986.334;3678
986.712;3643
987.09;3631
987.468;3704
987.846;3656
988.224;3662
988.602;3623
988.98;3594
989.357;3635
989.735;3629
990.113;3603
990.49;3698
990.867;3682
991.245;3611
991.622;3634
991.999;3609
992.376;3717
992.753;3586
993.13;3642
993.507;3658
993.883;3609
994.26;3597
994.636;3585
995.013;3553
995.389;3568
995.765;3561
996.142;3517
996.518;3534
996.894;3451
997.27;3510
997.645;3533
998.021;3463
998.397;3508
998.772;3486
999.148;3489
999.523;3493
999.899;3451
1000.274;3430
1000.649;3458
1001.024;3426
1001.399;3362
1001.774;3364
1002.149;3380
1002.524;3325
1002.898;3382
1003.273;3303
1003.647;3299
1004.022;3265
1004.396;3297
1004.77;3243
1005.144;3262
1005.519;3190
1005.893;3189
1006.266;3229
1006.64;3292
1007.014;3239
1007.388;3137
1007.761;3174
1008.135;3233
1008.508;3214
1008.882;3191
1009.255;3170
1009.628;3194
1010.001;3154
1010.374;3145
1010.747;3145
1011.12;3108
1011.492;3129
1011.865;3028
1012.238;3084
1012.61;3058
1012.983;3135
1013.355;3033
1013.727;3029
1014.099;3100
1014.471;3011
1014.843;3027
1015.215;3009
1015.587;2991
1015.959;3039
1016.331;2990
1016.702;2929
1017.074;2960
1017.445;2980
1017.816;2910
1018.188;2953
1018.559;2920
1018.93;2870
1019.301;2926
1019.672;2860
1020.043;2882
1020.413;2875
1020.784;2931
1021.155;2845
1021.525;2889
1021.896;2836
1022.266;2921
1022.636;2874
1023.006;2817
1023.376;2832
1023.746;2822
1024.116;2763
1024.486;2792
1024.856;2719
1025.226;2803
1025.595;2733
1025.965;2716
1026.334;2759
1026.704;2721
1027.073;2689
1027.442;2708
1027.811;2726
1028.18;2713
1028.549;2671
1028.918;2662
1029.287;2671
1029.655;2669
1030.024;2650
1030.393;2642
1030.761;2662
1031.129;2607
1031.498;2608
1031.866;2600
1032.234;2587
1032.602;2577
1032.97;2571
1033.338;2532
1033.706;2536
1034.073;2535
1034.441;2546
1034.809;2499
1035.176;2536
1035.544;2478
1035.911;2482
1036.278;2465
1036.645;2513
1037.012;2465
1037.379;2489
1037.746;2463
1038.113;2448
1038.48;2411
1038.846;2439
1039.213;2476
1039.579;2388
1039.946;2413
1040.312;2381
1040.678;2371
1041.045;2431
1041.411;2373
1041.777;2334
1042.143;2351
1042.508;2330
1042.874;2350
1043.24;2356
1043.606;2318
1043.971;2346
1044.336;2344
1044.702;2307
1045.067;2251
1045.432;2272
1045.797;2278
1046.162;2222
1046.527;2269
1046.892;2221
1047.257;2214
1047.622;2238
1047.986;2234
1048.351;2169
1048.715;2215
1049.08;2215
1049.444;2217
1049.808;2149
1050.173;2180
1050.537;2177
1050.901;2165
1051.265;2125
1051.628;2165
1051.992;2172
1052.356;2146
1052.719;2192
1053.083;2163
1053.446;2104
1053.81;2105
1054.173;2101
1054.536;2137
1054.899;2073
1055.262;2069
1055.625;2081
1055.988;2032
1056.351;2071
1056.713;2037
1057.076;2041
1057.439;2059
1057.801;2041
1058.163;2019
1058.526;2035
1058.888;1995
1059.25;2041
1059.612;2019
1059.974;1990
1060.336;1944
1060.698;1966
1061.06;1972
1061.421;1934
1061.783;1960
1062.144;1927
1062.506;1959
1062.867;1920
1063.228;1948
1063.59;1944
1063.951;1916
1064.312;1936
1064.673;1927
1065.034;1898
1065.394;1883
1065.755;1944
1066.116;1955
1066.476;1911
1066.837;1921
1067.197;1867
1067.557;1844
1067.918;1855
1068.278;1848
1068.638;1865
1068.998;1853
1069.358;1865
1069.718;1850
1070.077;1855
1070.437;1860
1070.797;1876
1071.156;1860
1071.516;1806
1071.875;1826
1072.234;1859
1072.593;1839
1072.953;1837
1073.312;1818
1073.671;1813
1074.029;1808
1074.388;1846
1074.747;1809
1075.106;1779
1075.464;1791
1075.823;1784
1076.181;1854
1076.539;1804
1076.898;1794
1077.256;1827
1077.614;1794
1077.972;1810
1078.33;1783
1078.688;1786
1079.046;1779
1079.403;1768
1079.761;1805
1080.118;1745
1080.476;1762
1080.833;1748
1081.191;1780
1081.548;1722
1081.905;1728
1082.262;1751
1082.619;1772
1082.976;1722
1083.333;1727
1083.69;1717
1084.046;1741
1084.403;1738
1084.759;1724
1085.116;1729
1085.472;1754
1085.829;1695
1086.185;1739
1086.541;1693
1086.897;1706
1087.253;1722
1087.609;1705
1087.965;1692
1088.32;1678
1088.676;1688
1089.032;1663
1089.387;1704
1089.743;1695
1090.098;1710
1090.453;1712
1090.809;1703
1091.164;1712
1091.519;1695
1091.874;1688
1092.229;1661
1092.583;1653
1092.938;1676
1093.293;1620
1093.647;1647
1094.002;1691
1094.356;1659
1094.711;1667
1095.065;1629
1095.419;1659
1095.773;1616
1096.127;1656
1096.481;1714
1096.835;1599
1097.189;1605
1097.543;1672
1097.896;1629
1098.25;1618
1098.603;1631
1098.957;1633
1099.31;1610
1099.663;1603
1100.017;1649
1100.37;1605
1100.723;1634
1101.076;1595
1101.429;1591
1101.782;1609
1102.134;1606
1102.487;1606
1102.839;1612
1103.192;1605
1103.544;1582
1103.897;1569
1104.249;1555
1104.601;1576
1104.953;1667
1105.305;1575
1105.657;1578
1106.009;1594
1106.361;1538
1106.713;1568
1107.064;1551
1107.416;1560
1107.767;1574
1108.119;1560
1108.47;1560
1108.822;1547
1109.173;1683
1109.524;1553
1109.875;1523
1110.226;1537
1110.577;1579
1110.928;1536
1111.278;1533
1111.629;1526
1111.98;1504
1112.33;1519
1112.68;1527
1113.031;1486
1113.381;1489
1113.731;1328
1114.081;1332
1114.432;1333
1114.781;1330
